{
    "Walk": 5.833333333333333,
    "Run": 12.0,
    "Walking": 6.5,
    "Sport": 6.666666666666667,
    "Outdoor Bike": 12.0,
    "Swim": 7.2,
    "Aerobic Workout": 6.6,
    "Hike": 7.2,
    "Dancing": 6.6,
    "HIIT": 12.0,
    "Workout": 3.6,
    "Running": 12.0,
    "Yoga": 2.4,
    "Indoor climbing": 9.366666666666667,
    "Zumba": 7.2,
    "Swimming": 7.2,
    "Bike": 12.0,
    "Weights": 3.6,
    "Strength training": 3.6,
    "Tennis": 8.4,
    "Spinning": 8.4,
    "Stairclimber": 7.2
}